[
  {
    "keyword": "Feature",
    "name": "REST API test with parameters",
    "line": 1,
    "id": "rest-api-test-with-parameters",
    "tags": [],
    "uri": "src/features/test.feature",
    "elements": [
      {
        "id": "rest-api-test-with-parameters;get-user-information",
        "keyword": "Scenario",
        "line": 2,
        "name": "Get user information",
        "tags": [],
        "type": "scenario",
        "steps": [
          {
            "arguments": [],
            "keyword": "Given ",
            "line": 3,
            "name": "the API endpoint \"http://localhost:3000/posts/{id}\" is available",
            "match": {
              "location": "src/steps/testSteps.js:6"
            },
            "result": {
              "status": "passed",
              "duration": 1000000
            }
          },
          {
            "arguments": [],
            "keyword": "When ",
            "line": 4,
            "name": "I send a GET request to \"http://localhost:3000/posts/1\"",
            "match": {
              "location": "src/steps/testSteps.js:11"
            },
            "result": {
              "status": "passed",
              "duration": 15000000
            }
          },
          {
            "arguments": [],
            "keyword": "Then ",
            "line": 5,
            "name": "the response code should be 200",
            "match": {
              "location": "src/steps/testSteps.js:42"
            },
            "result": {
              "status": "passed",
              "duration": 1000000
            }
          },
          {
            "arguments": [
              {
                "content": "      { \n          \"id\": 1, \n          \"title\": \"json-server\", \n          \"author\": \"typicode\" \n      }",
                "line": 7
              }
            ],
            "keyword": "And ",
            "line": 6,
            "name": "the response should contain the following JSON:",
            "match": {
              "location": "src/steps/testSteps.js:49"
            },
            "result": {
              "status": "failed",
              "duration": 2000000,
              "error_message": "AssertionError\n    + expected - actual\n\n\n    at World.<anonymous> (/home/nahid/workspace/bdd/src/steps/testSteps.js:54:33)"
            }
          }
        ]
      }
    ]
  }
]